id,first_name,last_name,email,gender,ip_address
1,Maxie,Sweatland,msweatland0@printfriendly.com,Male,110.233.211.252
2,Wallis,Rolston,wrolston1@washingtonpost.com,Male,91.8.124.134
3,Loren,Lowman,llowman2@hubpages.com,Male,32.35.44.72
4,Dodi,Dinsdale,ddinsdale3@gizmodo.com,Female,35.129.88.81
5,Erika,Linden,elinden4@mashable.com,Female,14.0.166.26
6,Salvador,Whittleton,swhittleton5@census.gov,Male,70.28.38.218
7,La verne,Van Der Straaten,lvanderstraaten6@ca.gov,Female,90.23.222.64
8,Saxe,Iggulden,siggulden7@parallels.com,Male,32.130.242.188
9,Flynn,Mossom,fmossom8@yellowbook.com,Male,90.208.36.198
10,Brendin,Burnell,bburnell9@discuz.net,Male,85.77.200.235
11,Tyrone,Aird,tairda@ow.ly,Male,191.130.34.85
12,Charlie,Horribine,chorribineb@hc360.com,Male,234.215.137.166
13,Nanni,Ruttgers,nruttgersc@mysql.com,Female,77.156.153.117
14,Roland,Mulchrone,rmulchroned@squarespace.com,Male,92.144.161.209
15,Claus,Andrick,candricke@amazon.de,Male,30.248.15.78
16,Geralda,Smy,gsmyf@goo.gl,Bigender,253.133.19.137
17,Garik,McLukie,gmclukieg@microsoft.com,Polygender,147.253.52.175
18,Marlo,De Dei,mdedeih@free.fr,Male,114.100.165.136
19,Sibyl,Fazackerley,sfazackerleyi@wunderground.com,Female,223.108.134.45
20,Moishe,Guitte,mguittej@ucoz.ru,Male,99.132.209.13
21,Dorise,Pomphrett,dpomphrettk@elpais.com,Female,245.208.7.197
22,Merlina,Halms,mhalmsl@vimeo.com,Female,224.218.173.248
23,Juditha,Rudeyeard,jrudeyeardm@godaddy.com,Female,146.194.146.118
24,Ardelis,Dovydenas,adovydenasn@meetup.com,Female,163.166.110.132
25,Juliette,Vittet,jvitteto@sciencedirect.com,Non-binary,113.248.82.220
26,Ivor,Krop,ikropp@hostgator.com,Male,119.220.62.141
27,Aridatha,Ledwich,aledwichq@boston.com,Female,26.255.52.54
28,Duane,Varlow,dvarlowr@reverbnation.com,Male,11.239.71.147
29,Ailina,Cheine,acheines@tinyurl.com,Female,34.1.96.184
30,Jessa,Scholefield,jscholefieldt@paypal.com,Female,139.136.92.227
31,Lester,O' Faherty,lofahertyu@wisc.edu,Male,168.180.125.220
32,Rochella,Penk,rpenkv@barnesandnoble.com,Female,107.74.218.8
33,Patrizio,Farnes,pfarnesw@spiegel.de,Male,38.218.81.127
34,Darsey,Hawkett,dhawkettx@friendfeed.com,Female,131.8.168.163
35,Fletch,Spofford,fspoffordy@sourceforge.net,Agender,178.30.118.27
36,Charleen,Frosdick,cfrosdickz@ox.ac.uk,Female,14.108.22.6
37,Hobey,Tewkesbury,htewkesbury10@boston.com,Male,163.150.46.239
38,Wynny,Haton,whaton11@gnu.org,Female,161.201.193.166
39,Forrester,Raftery,fraftery12@java.com,Male,13.177.15.135
40,Rosemonde,Snalom,rsnalom13@omniture.com,Female,115.199.14.147
41,Darrick,Bellis,dbellis14@nba.com,Male,87.176.202.207
42,Maddie,McKaile,mmckaile15@soundcloud.com,Female,207.18.59.225
43,Bernarr,Playhill,bplayhill16@cbsnews.com,Male,241.175.49.98
44,Aleda,Diviney,adiviney17@gizmodo.com,Female,145.239.40.255
45,Dawna,Biers,dbiers18@hubpages.com,Female,203.212.46.196
46,Brinn,Boggers,bboggers19@europa.eu,Female,39.91.5.45
47,Ranique,Spikings,rspikings1a@moonfruit.com,Female,111.85.184.107
48,Quinn,Mateev,qmateev1b@goo.ne.jp,Male,0.11.129.206
49,Adriana,Stockau,astockau1c@theglobeandmail.com,Female,114.196.0.31
50,Brantley,Vater,bvater1d@imageshack.us,Male,245.174.136.247
51,Aldric,Bloxholm,abloxholm1e@webs.com,Male,49.50.127.100
52,Ali,Spring,aspring1f@google.ru,Female,188.136.89.61
53,Jobi,Concannon,jconcannon1g@upenn.edu,Female,220.59.11.92
54,Alley,Saker,asaker1h@4shared.com,Male,163.77.90.22
55,Valeria,Varley,vvarley1i@blogger.com,Female,160.50.153.7
56,Deborah,Comino,dcomino1j@bandcamp.com,Female,21.162.236.166
57,Almira,Henke,ahenke1k@360.cn,Female,93.176.171.161
58,Camala,Fittes,cfittes1l@technorati.com,Female,119.49.17.183
59,Elmo,Guiden,eguiden1m@tuttocitta.it,Genderfluid,36.237.68.135
60,Tilly,Ferreiro,tferreiro1n@booking.com,Female,112.182.27.1
61,Casar,Hightown,chightown1o@rambler.ru,Male,248.50.221.13
62,Leland,Haszard,lhaszard1p@people.com.cn,Agender,186.110.52.20
63,Tera,O' Dornan,todornan1q@360.cn,Female,32.103.208.208
64,Jacinthe,Devil,jdevil1r@google.it,Female,35.161.206.156
65,Antonina,Deesly,adeesly1s@wordpress.org,Female,109.175.182.245
66,Collen,Grindle,cgrindle1t@google.it,Female,86.254.194.12
67,Berkley,Deviney,bdeviney1u@nationalgeographic.com,Male,196.182.156.62
68,Jourdan,Dellar,jdellar1v@etsy.com,Female,30.117.152.180
69,Marcel,Beaman,mbeaman1w@weebly.com,Male,22.220.33.155
70,Waylan,Elsom,welsom1x@squarespace.com,Male,34.200.138.238
71,Cassaundra,Stannus,cstannus1y@apple.com,Female,9.73.89.123
72,Deena,Leppard,dleppard1z@google.co.uk,Female,241.113.67.144
73,Jeniffer,Greengrass,jgreengrass20@gmpg.org,Female,12.23.91.75
74,Trina,Hacon,thacon21@hostgator.com,Female,107.179.249.145
75,Tudor,Simeoni,tsimeoni22@chronoengine.com,Male,45.6.20.152
76,Kessia,Vallis,kvallis23@google.pl,Female,246.52.209.90
77,Nikkie,Rabat,nrabat24@jugem.jp,Female,75.215.204.207
78,Patrice,Ollivier,pollivier25@geocities.com,Female,22.22.13.109
79,Byrann,Smitten,bsmitten26@arizona.edu,Male,179.128.56.255
80,Adamo,Bollon,abollon27@latimes.com,Male,113.100.253.48
81,Geno,Epinay,gepinay28@sun.com,Male,227.139.237.151
82,Colan,Hinksen,chinksen29@dropbox.com,Male,236.49.150.75
83,Kean,Eadie,keadie2a@sogou.com,Male,129.110.118.25
84,Pierson,Harron,pharron2b@nydailynews.com,Male,151.116.235.230
85,Emelia,Landman,elandman2c@rediff.com,Female,141.112.233.117
86,Fielding,Brettelle,fbrettelle2d@google.nl,Bigender,55.210.208.211
87,Shannon,Lelievre,slelievre2e@cdbaby.com,Male,175.235.213.83
88,Cookie,Ruggiero,cruggiero2f@lulu.com,Female,170.29.199.102
89,Genny,McCleverty,gmccleverty2g@cisco.com,Bigender,209.27.30.192
90,Vladamir,Cowans,vcowans2h@telegraph.co.uk,Male,160.218.154.69
91,Ellerey,Spoor,espoor2i@microsoft.com,Male,151.152.129.159
92,Solly,Cornels,scornels2j@wix.com,Male,227.93.64.39
93,Sherm,De Witt,sdewitt2k@bluehost.com,Male,161.6.231.171
94,Renee,Lidgett,rlidgett2l@discuz.net,Female,5.191.192.77
95,Lucio,Steely,lsteely2m@rakuten.co.jp,Male,207.37.112.42
96,Tory,Ellicock,tellicock2n@cdc.gov,Female,245.132.78.13
97,Katlin,Swainson,kswainson2o@istockphoto.com,Female,185.241.249.178
98,Loleta,McLinden,lmclinden2p@google.nl,Bigender,88.118.115.1
99,Morrie,Schrinel,mschrinel2q@google.it,Male,91.37.248.199
100,Adara,Attard,aattard2r@xrea.com,Female,227.200.193.201
101,Gradeigh,Piechnik,gpiechnik2s@spiegel.de,Male,227.245.59.116
102,Boyd,Prudham,bprudham2t@rakuten.co.jp,Male,47.152.119.245
103,Marieann,Rymill,mrymill2u@smh.com.au,Female,106.114.7.113
104,Cathrin,Faircliffe,cfaircliffe2v@blogger.com,Female,30.39.165.53
105,Kylynn,Hinchon,khinchon2w@nba.com,Polygender,137.97.126.231
106,Peter,Franciottoi,pfranciottoi2x@123-reg.co.uk,Male,250.213.146.42
107,Casar,Bohlmann,cbohlmann2y@columbia.edu,Male,149.61.137.175
108,Benny,Fallon,bfallon2z@xrea.com,Female,243.209.179.53
109,Aurelea,Riccetti,ariccetti30@ftc.gov,Female,212.147.170.144
110,Tommy,Prose,tprose31@mail.ru,Male,237.163.255.135
111,Marsiella,Moncreif,mmoncreif32@un.org,Female,246.214.197.123
112,Hendrika,De Hooch,hdehooch33@mail.ru,Female,114.100.254.134
113,Barton,De Lisle,bdelisle34@discovery.com,Male,74.166.179.15
114,Fonz,Groom,fgroom35@google.nl,Male,228.36.249.188
115,Constantine,Blundan,cblundan36@imageshack.us,Male,87.74.83.224
116,Edik,Steinson,esteinson37@ning.com,Male,250.165.218.153
117,Boonie,Knotte,bknotte38@multiply.com,Bigender,247.215.28.123
118,Kathryn,McDonell,kmcdonell39@nps.gov,Female,174.229.145.216
119,Jacquelin,Cuttler,jcuttler3a@bizjournals.com,Female,166.232.185.9
120,Matteo,Nuton,mnuton3b@un.org,Male,51.144.199.229
121,Lucinda,Coaker,lcoaker3c@goo.ne.jp,Female,156.90.46.60
122,Locke,Fillery,lfillery3d@slideshare.net,Male,193.217.138.175
123,Hakeem,Leggat,hleggat3e@people.com.cn,Male,36.244.219.222
124,Daphna,Tyler,dtyler3f@github.com,Genderfluid,176.140.211.202
125,Devonne,Tue,dtue3g@ted.com,Female,11.133.54.54
126,Filmer,Wakes,fwakes3h@buzzfeed.com,Male,254.202.77.77
127,Carin,Bousfield,cbousfield3i@arstechnica.com,Female,167.213.86.37
128,Noel,Coulthart,ncoulthart3j@thetimes.co.uk,Female,242.122.32.201
129,Thia,Mancktelow,tmancktelow3k@oaic.gov.au,Female,43.28.56.95
130,Berna,Cloutt,bcloutt3l@woothemes.com,Bigender,101.220.216.218
131,Amelina,Deabill,adeabill3m@youtu.be,Female,94.2.132.181
132,Madlen,Petroff,mpetroff3n@ca.gov,Agender,128.162.80.199
133,Derril,Twittey,dtwittey3o@wikispaces.com,Male,92.29.91.156
134,Kahaleel,Chancelier,kchancelier3p@nih.gov,Male,166.102.174.115
135,Julius,McOrkill,jmcorkill3q@tinypic.com,Male,91.13.56.53
136,David,Goodlet,dgoodlet3r@gmpg.org,Male,249.220.3.165
137,Jess,Timmons,jtimmons3s@imdb.com,Female,63.241.146.142
138,Nelson,Kliment,nkliment3t@baidu.com,Male,18.148.194.58
139,Selina,Kyles,skyles3u@zimbio.com,Female,38.214.36.52
140,Viviana,Severns,vseverns3v@yelp.com,Female,141.38.146.72
141,Else,O'Sheeryne,eosheeryne3w@etsy.com,Female,72.182.67.92
142,Truman,Bachshell,tbachshell3x@domainmarket.com,Polygender,184.7.101.137
143,Myrvyn,Librey,mlibrey3y@boston.com,Male,85.31.132.197
144,Creight,Iannello,ciannello3z@joomla.org,Male,134.172.95.154
145,Denys,Yashin,dyashin40@slashdot.org,Agender,132.139.1.155
146,Abbott,Nowick,anowick41@over-blog.com,Male,90.118.30.111
147,Anthony,Tilte,atilte42@sohu.com,Male,5.113.242.145
148,Roderic,Boone,rboone43@phpbb.com,Male,132.78.38.235
149,Roley,Claxson,rclaxson44@phpbb.com,Male,128.207.249.47
150,Nyssa,Dewhirst,ndewhirst45@rediff.com,Female,114.33.149.232
151,Dew,Eardley,deardley46@bizjournals.com,Male,234.7.218.213
152,Biddie,Kas,bkas47@wired.com,Female,161.11.247.109
153,Dominik,Ince,dince48@wix.com,Male,130.53.122.30
154,Donaugh,Shoreson,dshoreson49@bbc.co.uk,Male,219.184.193.164
155,Milton,Filyukov,mfilyukov4a@europa.eu,Male,252.177.176.30
156,Nariko,Ongin,nongin4b@woothemes.com,Female,136.70.30.27
157,Reinald,McVeagh,rmcveagh4c@spiegel.de,Non-binary,138.136.79.7
158,Raymond,Dobbinson,rdobbinson4d@house.gov,Male,46.164.76.15
159,Willey,Lavelle,wlavelle4e@hibu.com,Male,214.172.242.192
160,Thibaud,Franzoli,tfranzoli4f@soup.io,Male,184.151.197.130
161,Riane,MacVagh,rmacvagh4g@berkeley.edu,Female,254.71.244.181
162,Thalia,Pointin,tpointin4h@theguardian.com,Female,232.213.175.251
163,Maddy,Pitfield,mpitfield4i@huffingtonpost.com,Male,41.87.26.13
164,Orson,Zima,ozima4j@craigslist.org,Male,224.34.140.23
165,Teodorico,Picton,tpicton4k@usgs.gov,Male,114.218.239.85
166,Virgie,Keenlayside,vkeenlayside4l@msn.com,Male,17.47.127.88
167,Jay,Eddison,jeddison4m@uol.com.br,Male,183.86.17.72
168,Shirline,Tebbs,stebbs4n@auda.org.au,Female,176.148.241.37
169,Jaymee,Serfati,jserfati4o@dagondesign.com,Female,114.137.144.95
170,Elroy,De Anesy,edeanesy4p@live.com,Male,103.52.108.157
171,Leif,Southerell,lsoutherell4q@washingtonpost.com,Male,251.32.60.67
172,Mackenzie,Porkiss,mporkiss4r@reddit.com,Male,177.54.218.118
173,Karl,Osorio,kosorio4s@wsj.com,Male,177.105.90.168
174,Padget,Lafee,plafee4t@amazon.co.uk,Male,234.194.249.205
175,Ulla,Geeraert,ugeeraert4u@bloomberg.com,Female,10.79.35.87
176,Corrianne,Elwyn,celwyn4v@hc360.com,Female,174.182.31.217
177,Rosalinda,Strut,rstrut4w@smh.com.au,Female,199.254.121.2
178,Ban,Corston,bcorston4x@amazon.de,Male,197.242.175.103
179,Jeanine,McColgan,jmccolgan4y@nationalgeographic.com,Female,18.5.69.113
180,Myer,Varah,mvarah4z@earthlink.net,Male,196.210.30.44
181,Wes,Caple,wcaple50@scribd.com,Genderfluid,214.55.169.135
182,Francesca,Canfield,fcanfield51@reverbnation.com,Female,83.206.106.202
183,Aile,Montgomery,amontgomery52@addtoany.com,Female,18.82.14.31
184,Ida,Walcot,iwalcot53@cnn.com,Female,223.107.200.230
185,Antone,Eate,aeate54@cbsnews.com,Male,107.146.22.255
186,Cher,Dillinton,cdillinton55@sogou.com,Female,87.131.188.102
187,Kurtis,Pedro,kpedro56@nsw.gov.au,Male,243.85.106.109
188,Onfre,Sandbach,osandbach57@tiny.cc,Male,135.225.197.91
189,Donal,Kilrow,dkilrow58@google.de,Male,44.71.143.5
190,Jamaal,Demke,jdemke59@etsy.com,Male,26.14.116.100
191,Hy,Abys,habys5a@netlog.com,Male,28.187.69.7
192,Dionis,Harlett,dharlett5b@xrea.com,Female,219.194.148.12
193,Prent,Hayler,phayler5c@tumblr.com,Male,242.49.84.143
194,Humfried,Sell,hsell5d@instagram.com,Male,105.18.93.44
195,Harlene,Cary,hcary5e@ox.ac.uk,Female,98.255.24.42
196,Lorettalorna,Deguara,ldeguara5f@booking.com,Female,150.247.90.81
197,Kerrie,Pawlett,kpawlett5g@scribd.com,Female,76.79.238.130
198,Gaelan,Lidgertwood,glidgertwood5h@goodreads.com,Male,102.120.54.66
199,Koral,Gierth,kgierth5i@addtoany.com,Female,207.148.10.19
200,Loydie,Cosley,lcosley5j@umich.edu,Male,148.95.56.17
201,Nichole,Martinovsky,nmartinovsky5k@nytimes.com,Female,94.200.23.223
202,Ado,Andersen,aandersen5l@gizmodo.com,Male,44.251.52.115
203,Issy,Lyon,ilyon5m@newyorker.com,Non-binary,141.124.253.107
204,Colman,Raffon,craffon5n@census.gov,Male,146.49.187.34
205,Julita,Finlason,jfinlason5o@furl.net,Female,6.215.162.53
206,Jone,Andrick,jandrick5p@purevolume.com,Male,118.29.203.30
207,Madelin,Hammon,mhammon5q@4shared.com,Female,159.12.240.167
208,Sigismundo,Oxherd,soxherd5r@hhs.gov,Male,169.246.8.240
209,Jecho,Waye,jwaye5s@amazon.de,Male,200.7.145.21
210,Emmalynn,Kahen,ekahen5t@tripadvisor.com,Female,231.16.61.96
211,Ermengarde,Jentzsch,ejentzsch5u@paypal.com,Female,179.211.216.142
212,Lenci,Ilyushkin,lilyushkin5v@npr.org,Male,26.215.247.234
213,Dicky,Dubois,ddubois5w@i2i.jp,Male,13.246.22.106
214,Skipp,Belfield,sbelfield5x@jimdo.com,Male,154.3.102.136
215,Barri,Stafford,bstafford5y@nyu.edu,Male,164.187.182.96
216,Colin,Nevins,cnevins5z@google.com,Polygender,104.218.11.137
217,Gauthier,Glencrosche,gglencrosche60@bing.com,Male,228.207.235.201
218,Rutledge,Laidlaw,rlaidlaw61@php.net,Male,14.25.111.22
219,Denice,Chipchase,dchipchase62@t-online.de,Female,48.131.52.251
220,Anna-maria,Hemstead,ahemstead63@marketwatch.com,Bigender,176.193.49.111
221,Malory,Jurczik,mjurczik64@devhub.com,Female,245.156.251.226
222,Gratia,Crosfield,gcrosfield65@google.nl,Female,43.149.185.192
223,Corliss,Domaschke,cdomaschke66@symantec.com,Non-binary,45.220.52.122
224,Eadmund,Titman,etitman67@house.gov,Male,224.237.130.217
225,Alyosha,Von Welldun,avonwelldun68@google.it,Male,186.238.64.20
226,Helaina,Shotboulte,hshotboulte69@vimeo.com,Female,90.149.97.234
227,Egor,Pryke,epryke6a@infoseek.co.jp,Male,150.43.120.101
228,Harlen,Capper,hcapper6b@sakura.ne.jp,Male,158.135.86.112
229,Lane,Langforth,llangforth6c@utexas.edu,Male,243.100.199.125
230,Adolphus,Scurrer,ascurrer6d@dell.com,Male,198.93.219.91
231,Ashby,Loud,aloud6e@sphinn.com,Male,151.28.122.175
232,Kele,Kester,kkester6f@feedburner.com,Male,12.237.90.105
233,Freida,Wawer,fwawer6g@delicious.com,Female,253.98.208.248
234,Burton,Aloshechkin,baloshechkin6h@hugedomains.com,Male,57.201.29.86
235,Emilio,Littrik,elittrik6i@xing.com,Male,237.135.63.115
236,Willi,Spriddle,wspriddle6j@craigslist.org,Genderqueer,245.157.51.121
237,Malissia,Langford,mlangford6k@desdev.cn,Female,175.38.223.78
238,Tonia,Ponton,tponton6l@indiatimes.com,Female,196.42.181.237
239,Austin,Sears,asears6m@hexun.com,Male,169.152.115.58
240,Isadore,Sutterfield,isutterfield6n@sakura.ne.jp,Agender,24.219.9.42
241,Osbourn,Gossling,ogossling6o@csmonitor.com,Male,219.58.107.147
242,Eugen,Kitcat,ekitcat6p@typepad.com,Male,110.213.90.41
243,Helenka,Palin,hpalin6q@chronoengine.com,Female,186.182.212.4
244,Tallie,Winyard,twinyard6r@behance.net,Male,62.38.58.5
245,Hale,Clue,hclue6s@goodreads.com,Male,229.60.143.105
246,Etta,Elsby,eelsby6t@japanpost.jp,Female,84.30.8.180
247,Caterina,Luisetti,cluisetti6u@zdnet.com,Agender,235.196.30.8
248,Gwenore,Bedbrough,gbedbrough6v@yellowbook.com,Female,80.94.188.55
249,Dosi,Adamowicz,dadamowicz6w@uiuc.edu,Female,100.131.222.207
250,Nollie,Romanet,nromanet6x@netscape.com,Bigender,201.152.153.125
251,Gordy,Philimore,gphilimore6y@studiopress.com,Male,255.45.107.151
252,Anita,Roath,aroath6z@pinterest.com,Female,19.80.234.164
253,Wilburt,Stittle,wstittle70@auda.org.au,Male,205.45.214.197
254,Gloria,Jerman,gjerman71@adobe.com,Female,160.219.82.179
255,Upton,Bertomeu,ubertomeu72@cmu.edu,Bigender,171.251.59.79
256,Anthony,Middle,amiddle73@umich.edu,Male,191.118.202.237
257,Barth,Stobo,bstobo74@tinyurl.com,Male,113.152.182.138
258,Fifi,Warlowe,fwarlowe75@npr.org,Female,214.50.181.24
259,Torrence,Keaves,tkeaves76@posterous.com,Male,247.19.61.177
260,Thibaud,Goodsir,tgoodsir77@foxnews.com,Male,184.247.32.53
261,Myles,Aldridge,maldridge78@hostgator.com,Non-binary,200.52.28.49
262,Inglis,Lerner,ilerner79@state.gov,Male,243.58.219.108
263,Simeon,Moysey,smoysey7a@independent.co.uk,Male,50.17.78.216
264,Elladine,Fenty,efenty7b@paginegialle.it,Genderqueer,55.119.122.223
265,Janeczka,Neillans,jneillans7c@blogger.com,Female,19.224.124.62
266,Darell,Delhanty,ddelhanty7d@webnode.com,Female,214.84.193.35
267,Ernst,Sterricker,esterricker7e@lulu.com,Genderqueer,69.123.157.50
268,Matthiew,Walkington,mwalkington7f@blogtalkradio.com,Male,41.54.169.155
269,Ibrahim,McCreery,imccreery7g@wix.com,Male,147.185.20.240
270,Conny,Zwicker,czwicker7h@soundcloud.com,Bigender,187.226.98.78
271,Bastian,Eagleton,beagleton7i@msu.edu,Male,63.53.188.120
272,Jimmy,Djorevic,jdjorevic7j@digg.com,Male,143.46.75.206
273,Shelba,Conachy,sconachy7k@google.cn,Agender,123.232.42.174
274,Anny,Ringwood,aringwood7l@marketwatch.com,Female,110.40.138.245
275,Katya,Haw,khaw7m@livejournal.com,Female,45.253.112.88
276,Roland,Badby,rbadby7n@quantcast.com,Male,88.31.85.84
277,Zacherie,Eastes,zeastes7o@multiply.com,Male,78.66.232.33
278,Seka,Butt Gow,sbuttgow7p@networkadvertising.org,Female,221.220.9.178
279,Marcus,Osgar,mosgar7q@cbsnews.com,Male,63.235.36.207
280,Michal,Cissell,mcissell7r@slate.com,Male,108.148.84.4
281,Jacqui,Learman,jlearman7s@mapy.cz,Female,40.114.203.203
282,Norma,Tamlett,ntamlett7t@dropbox.com,Agender,53.23.142.157
283,Ava,Haquard,ahaquard7u@springer.com,Polygender,195.241.97.97
284,Damaris,Borg,dborg7v@va.gov,Female,136.254.231.196
285,Gretta,Hallum,ghallum7w@miitbeian.gov.cn,Female,148.53.15.169
286,Hastings,Hassent,hhassent7x@thetimes.co.uk,Male,199.237.233.254
287,Horatia,Banasevich,hbanasevich7y@newsvine.com,Female,57.204.33.72
288,Hew,Pecha,hpecha7z@weibo.com,Male,108.191.108.150
289,Rozanna,Prester,rprester80@yolasite.com,Female,176.214.163.110
290,Niko,Savege,nsavege81@discovery.com,Male,62.106.231.111
291,Lila,Fosten,lfosten82@ed.gov,Female,127.65.120.220
292,Curtice,De Giovanni,cdegiovanni83@seattletimes.com,Male,208.9.63.212
293,Heinrik,Luckham,hluckham84@stanford.edu,Male,33.235.86.181
294,Rosmunda,Breakey,rbreakey85@google.com,Female,24.82.159.27
295,Jone,Hampstead,jhampstead86@diigo.com,Male,107.63.191.83
296,Kirsteni,Wayper,kwayper87@msu.edu,Female,48.162.173.82
297,Heath,Pool,hpool88@github.com,Female,13.197.30.83
298,Jamill,Garfoot,jgarfoot89@house.gov,Male,209.110.19.37
299,Roze,Tabbernor,rtabbernor8a@addtoany.com,Female,65.184.55.162
300,Jaquelin,Turone,jturone8b@telegraph.co.uk,Female,136.205.172.76
301,Aron,Tunno,atunno8c@comcast.net,Bigender,55.45.222.192
302,Hughie,Gayden,hgayden8d@intel.com,Agender,184.253.57.204
303,Avrom,Dalston,adalston8e@php.net,Male,175.246.48.155
304,Eve,Petrillo,epetrillo8f@google.es,Female,193.72.163.61
305,Sofia,Southcoat,ssouthcoat8g@dailymail.co.uk,Female,138.186.120.66
306,Ferguson,Ditchburn,fditchburn8h@biglobe.ne.jp,Male,39.150.12.110
307,Chris,Furlow,cfurlow8i@pbs.org,Male,231.238.3.196
308,Den,Minguet,dminguet8j@newsvine.com,Male,23.76.251.243
309,Gwyn,Mish,gmish8k@tuttocitta.it,Female,30.25.90.121
310,Travus,Danielczyk,tdanielczyk8l@economist.com,Male,121.130.243.81
311,Walden,Myerscough,wmyerscough8m@ucoz.ru,Genderfluid,249.41.118.238
312,Anson,Bishell,abishell8n@nsw.gov.au,Male,79.188.201.170
313,Erwin,Scown,escown8o@answers.com,Male,124.245.177.252
314,Dian,Byham,dbyham8p@ca.gov,Female,188.156.92.106
315,Nikoletta,Olrenshaw,nolrenshaw8q@yellowpages.com,Female,117.113.58.239
316,Chico,Cottee,ccottee8r@eventbrite.com,Male,155.168.94.114
317,John,Castles,jcastles8s@constantcontact.com,Male,16.104.121.208
318,Alic,Gooder,agooder8t@oakley.com,Male,67.114.162.130
319,Kylynn,Rodmell,krodmell8u@linkedin.com,Female,118.142.117.84
320,Isak,Kendal,ikendal8v@tmall.com,Male,222.14.30.107
321,Etti,Thody,ethody8w@alexa.com,Female,12.200.191.24
322,Alessandra,Abberley,aabberley8x@businesswire.com,Female,253.202.56.143
323,Justinn,Nicely,jnicely8y@bloglines.com,Female,175.78.244.3
324,Sela,McGivena,smcgivena8z@alibaba.com,Female,12.168.204.49
325,Elisha,Studeart,estudeart90@ebay.co.uk,Male,7.214.143.202
326,Annabell,Barnewille,abarnewille91@constantcontact.com,Female,182.114.107.226
327,Bengt,Thomlinson,bthomlinson92@soundcloud.com,Male,35.107.255.229
328,Nanni,Gabbitas,ngabbitas93@state.gov,Female,117.150.67.156
329,Brinn,Albasiny,balbasiny94@liveinternet.ru,Female,124.149.175.11
330,Leora,Marr,lmarr95@pcworld.com,Female,142.69.238.80
331,Cheri,Gomersal,cgomersal96@biglobe.ne.jp,Polygender,49.112.72.234
332,Kora,Bengtson,kbengtson97@tiny.cc,Agender,3.121.97.62
333,Saraann,Giacoppoli,sgiacoppoli98@nsw.gov.au,Female,127.83.48.34
334,Benjy,Abramino,babramino99@cloudflare.com,Male,40.100.224.144
335,Aurore,Knapp,aknapp9a@hao123.com,Female,252.59.11.122
336,Carole,Giovannacc@i,cgiovannacci9b@twitter.com,Female,91.187.127.72
337,Tiffi,Laughren,tlaughren9c@wufoo.com,Female,72.160.74.38
338,Fidelity,Allon,fallon9d@apache.org,Female,104.101.47.206
339,Jeanine,Seeds,jseeds9e@tinyurl.com,Female,96.31.152.43
340,Federica,Pickaver,fpickaver9f@phpbb.com,Female,98.168.44.206
341,Saraann,Kryzhov,skryzhov9g@samsung.com,Female,23.21.53.141
342,Huey,Rappoport,hrappoport9h@telegraph.co.uk,Male,65.11.27.236
343,Gav,Tuhy,gtuhy9i@japanpost.jp,Male,6.184.169.161
344,Collen,Sein,csein9j@arstechnica.com,Female,248.216.58.183
345,Anne-marie,Laird,alaird9k@rakuten.co.jp,Female,141.174.14.226
346,Donn,Born,dborn9l@stanford.edu,Male,253.204.77.180
347,Hagen,Brownjohn,hbrownjohn9m@deliciousdays.com,Male,249.182.217.200
348,Ileana,Applewhaite,iapplewhaite9n@zimbio.com,Female,240.106.138.154
349,Jana,Tutton,jtutton9o@toplist.cz,Female,239.136.24.27
350,Kania,Elener,kelener9p@yelp.com,Female,24.184.111.81
351,Dom,Worcs,dworcs9q@cisco.com,Agender,239.36.235.235
352,Tammie,Polkinhorn,tpolkinhorn9r@tamu.edu,Female,23.9.94.2
353,Virgie,Gossage,vgossage9s@goodreads.com,Male,137.128.12.120
354,Rodge,McTrustey,rmctrustey9t@cnn.com,Male,52.203.52.210
355,Anestassia,Jolliffe,ajolliffe9u@si.edu,Female,182.171.74.82
356,Beltran,Parnby,bparnby9v@themeforest.net,Male,68.110.12.230
357,Stevy,Schimon,sschimon9w@wikia.com,Male,47.81.50.83
358,Carlotta,Haggis,chaggis9x@forbes.com,Female,235.4.34.87
359,Keven,Dowtry,kdowtry9y@netvibes.com,Male,37.217.196.211
360,Vic,Houldin,vhouldin9z@unesco.org,Male,113.138.141.184
361,Gardener,Duff,gduffa0@boston.com,Male,78.195.93.0
362,Jase,Hyndman,jhyndmana1@dot.gov,Male,230.202.32.161
363,Bat,Gerok,bgeroka2@google.it,Male,212.226.156.36
364,Lillis,Vel,lvela3@cbslocal.com,Female,21.91.3.181
365,Pooh,Staveley,pstaveleya4@reddit.com,Male,201.225.68.19
366,Yorgo,Maxwell,ymaxwella5@forbes.com,Male,25.29.132.126
367,Sherwin,Doull,sdoulla6@bravesites.com,Genderqueer,47.151.10.199
368,Raddie,Bredgeland,rbredgelanda7@theatlantic.com,Male,86.150.47.52
369,Nikolai,Tollow,ntollowa8@t.co,Male,225.157.140.96
370,Clarita,Alvar,calvara9@slideshare.net,Female,105.196.199.236
371,Judd,Lyne,jlyneaa@baidu.com,Male,96.2.152.156
372,Lanae,Heavens,lheavensab@ezinearticles.com,Female,97.87.16.233
373,Inglis,Billie,ibillieac@devhub.com,Male,135.141.138.78
374,Josey,Mullinder,jmullinderad@behance.net,Female,249.176.6.20
375,Ephraim,Godon,egodonae@parallels.com,Male,21.169.221.160
376,Wilone,Bellison,wbellisonaf@ucla.edu,Female,234.123.13.109
377,Dacie,Wixey,dwixeyag@cargocollective.com,Female,35.4.11.67
378,Monti,Illes,millesah@businessinsider.com,Male,189.78.159.134
379,Niles,Huddleston,nhuddlestonai@topsy.com,Male,197.215.141.93
380,Alecia,Leathard,aleathardaj@statcounter.com,Female,49.68.8.204
381,Evelyn,Bottoms,ebottomsak@cnet.com,Male,26.31.36.8
382,Quintus,Di Franceshci,qdifranceshcial@narod.ru,Male,198.110.83.182
383,Miller,Farress,mfarressam@weibo.com,Male,231.13.228.102
384,Natalya,Kalkofer,nkalkoferan@blogspot.com,Female,77.242.101.161
385,Katti,Offiler,koffilerao@who.int,Female,241.88.182.223
386,Victor,Joost,vjoostap@yolasite.com,Male,171.171.232.169
387,Ayn,Danovich,adanovichaq@cyberchimps.com,Female,88.68.244.25
388,Malissia,Shearer,mshearerar@cocolog-nifty.com,Female,9.25.84.115
389,Dorotea,Featherbie,dfeatherbieas@prnewswire.com,Female,109.37.26.235
390,Foss,Treven,ftrevenat@edublogs.org,Male,238.229.21.180
391,Jacobo,Brownell,jbrownellau@123-reg.co.uk,Male,22.76.219.69
392,Aluin,Adran,aadranav@zimbio.com,Male,231.9.31.159
393,Malcolm,Assiratti,massirattiaw@bing.com,Male,95.82.117.127
394,Ruthanne,Willard,rwillardax@exblog.jp,Female,33.83.243.144
395,Celia,Auchinleck,cauchinleckay@berkeley.edu,Female,32.197.230.250
396,Irwinn,Espley,iespleyaz@blogger.com,Male,71.218.47.47
397,Fredra,Nazareth,fnazarethb0@smh.com.au,Agender,9.110.153.136
398,Rorke,Batisse,rbatisseb1@mlb.com,Male,32.105.113.137
399,Andros,Gosson,agossonb2@harvard.edu,Genderfluid,45.172.34.48
400,Madalyn,Grene,mgreneb3@stanford.edu,Female,104.191.233.216
401,Jenni,Ellerbeck,jellerbeckb4@walmart.com,Female,221.71.50.144
402,Worth,Bantick,wbantickb5@dyndns.org,Male,250.76.106.64
403,Armin,Chandlar,achandlarb6@godaddy.com,Male,164.97.250.113
404,Warden,Saunter,wsaunterb7@shinystat.com,Male,234.197.75.17
405,Mohammed,Dufall,mdufallb8@amazon.co.uk,Male,189.185.17.202
406,Coleman,Haddy,chaddyb9@oracle.com,Male,230.115.37.163
407,Patrizius,Tookill,ptookillba@berkeley.edu,Male,44.141.69.209
408,Doris,Playfair,dplayfairbb@phpbb.com,Female,239.127.235.134
409,Stefan,Pioch,spiochbc@bloglines.com,Male,113.218.208.88
410,Mehetabel,Rohmer,mrohmerbd@shutterfly.com,Female,35.139.67.158
411,Gwendolen,Lerway,glerwaybe@sfgate.com,Non-binary,67.106.15.196
412,Jerrome,Whiteman,jwhitemanbf@bloglovin.com,Male,35.221.43.52
413,Birgitta,Wanne,bwannebg@wiley.com,Female,131.59.11.42
414,Wake,Kenwin,wkenwinbh@vinaora.com,Male,22.119.240.178
415,Mickie,Bottrill,mbottrillbi@artisteer.com,Female,129.145.154.72
416,Jaime,Kempster,jkempsterbj@constantcontact.com,Male,63.250.156.210
417,Effie,Dashkov,edashkovbk@samsung.com,Female,37.1.235.171
418,Kimmi,Kiddie,kkiddiebl@acquirethisname.com,Female,242.200.41.145
419,Ronnie,Brito,rbritobm@wired.com,Male,220.181.157.68
420,Roxy,Idell,ridellbn@upenn.edu,Female,211.40.214.227
421,Erich,Spittal,espittalbo@bing.com,Male,241.91.35.243
422,Carrie,McGonnell,cmcgonnellbp@patch.com,Female,195.82.119.142
423,Tibold,Olczyk,tolczykbq@acquirethisname.com,Male,161.83.5.192
424,Ethe,Vogl,evoglbr@edublogs.org,Male,104.158.98.127
425,Averil,Spiers,aspiersbs@artisteer.com,Bigender,244.70.62.252
426,Myron,Blazewski,mblazewskibt@facebook.com,Male,169.80.25.175
427,Camala,Dalston,cdalstonbu@google.ru,Agender,227.164.252.86
428,Garwood,Bradnam,gbradnambv@mayoclinic.com,Male,77.52.186.17
429,Branden,Wincott,bwincottbw@istockphoto.com,Male,153.131.75.215
430,Vivyanne,Massot,vmassotbx@amazon.de,Female,143.170.165.143
431,Ron,Cluff,rcluffby@businessweek.com,Male,224.45.207.199
432,Kessiah,Rimington,krimingtonbz@creativecommons.org,Female,10.183.211.99
433,Rosamond,McClenan,rmcclenanc0@who.int,Female,80.120.162.230
434,Sanson,Yuill,syuillc1@eepurl.com,Male,97.17.140.186
435,Giorgi,Connors,gconnorsc2@oakley.com,Male,175.180.112.166
436,Elyn,Elletson,eelletsonc3@buzzfeed.com,Polygender,29.114.120.120
437,Cecil,Gillespey,cgillespeyc4@sphinn.com,Female,91.23.245.129
438,Thaddus,Ridde,triddec5@princeton.edu,Male,146.34.254.242
439,Had,Spinks,hspinksc6@independent.co.uk,Male,54.171.215.183
440,Stan,Hindenburg,shindenburgc7@ask.com,Bigender,136.64.14.43
441,Willis,Puddefoot,wpuddefootc8@paypal.com,Male,162.78.158.14
442,Frank,Moulsdale,fmoulsdalec9@cbc.ca,Female,27.129.65.44
443,Fredrick,Galvin,fgalvinca@twitter.com,Agender,116.212.248.5
444,Cyril,Perutto,cperuttocb@virginia.edu,Male,176.83.2.102
445,Son,Rens,srenscc@linkedin.com,Male,202.144.38.191
446,Trace,McManamon,tmcmanamoncd@nba.com,Male,180.181.171.212
447,Fonz,Lapworth,flapworthce@parallels.com,Male,93.77.200.88
448,Guillaume,Fitzpatrick,gfitzpatrickcf@miibeian.gov.cn,Male,70.15.5.69
449,Sherilyn,Kemston,skemstoncg@wikipedia.org,Agender,181.88.241.26
450,Jilly,Mussalli,jmussallich@guardian.co.uk,Female,125.227.186.99
451,Maxine,Dreher,mdreherci@surveymonkey.com,Female,62.87.221.179
452,Carmita,Simmell,csimmellcj@alibaba.com,Female,251.163.108.101
453,Jeremy,Onraet,jonraetck@aol.com,Male,248.98.143.117
454,Georgina,Reinger,greingercl@tuttocitta.it,Female,98.123.27.128
455,Tildie,Worley,tworleycm@ehow.com,Agender,228.217.244.249
456,Miquela,Grahl,mgrahlcn@google.ca,Female,169.19.53.74
457,Morlee,Ishchenko,mishchenkoco@uiuc.edu,Male,204.97.77.157
458,Valaree,Delepine,vdelepinecp@nps.gov,Female,238.129.124.242
459,Reta,Ondra,rondracq@jigsy.com,Polygender,43.63.81.215
460,Dale,Tomkinson,dtomkinsoncr@abc.net.au,Male,185.130.34.226
461,Kamilah,Gepson,kgepsoncs@examiner.com,Female,213.95.77.41
462,Meryl,D'Onisi,mdonisict@naver.com,Male,163.55.26.148
463,Aurel,Sokill,asokillcu@ibm.com,Female,43.160.212.221
464,Francisco,Ragborne,fragbornecv@nps.gov,Male,182.54.159.125
465,Willa,Faulks,wfaulkscw@va.gov,Female,176.230.96.251
466,Sisile,Pittaway,spittawaycx@businessinsider.com,Female,254.50.129.184
467,Delphine,Bavridge,dbavridgecy@yolasite.com,Non-binary,174.38.143.8
468,Gustave,Jonson,gjonsoncz@economist.com,Male,222.251.236.204
469,Curtice,Craighall,ccraighalld0@arstechnica.com,Male,247.69.201.141
470,Ilario,Lillistone,ilillistoned1@slideshare.net,Male,123.128.162.133
471,Vaclav,Warner,vwarnerd2@51.la,Male,179.124.153.49
472,Nedi,Bavidge,nbavidged3@live.com,Female,85.68.96.72
473,Tore,Scourfield,tscourfieldd4@taobao.com,Male,134.242.149.128
474,Vicky,Briiginshaw,vbriiginshawd5@mail.ru,Female,57.153.86.2
475,Lance,Dugget,lduggetd6@dot.gov,Male,177.61.163.71
476,Jenifer,Washington,jwashingtond7@mediafire.com,Female,175.115.56.249
477,Devy,Nelsey,dnelseyd8@angelfire.com,Male,45.127.217.20
478,Briana,Mazzia,bmazziad9@joomla.org,Female,194.37.156.6
479,Bibbie,Duffie,bduffieda@vk.com,Female,20.90.54.120
480,Gillian,Goldspink,ggoldspinkdb@weather.com,Female,105.73.4.181
481,Geoffry,Rose,grosedc@wiley.com,Male,152.130.201.31
482,Slade,Hicklingbottom,shicklingbottomdd@google.pl,Male,93.197.171.194
483,Constancy,Fleischer,cfleischerde@360.cn,Female,121.42.100.49
484,Keenan,Rayer,krayerdf@hatena.ne.jp,Male,19.53.168.27
485,Deina,Scarman,dscarmandg@hud.gov,Non-binary,63.91.30.109
486,Humphrey,Meeson,hmeesondh@ocn.ne.jp,Male,150.3.15.110
487,Carola,Sexten,csextendi@vimeo.com,Female,166.221.50.185
488,Shannah,Richardet,srichardetdj@vkontakte.ru,Female,122.122.177.179
489,Cletis,Mingey,cmingeydk@blinklist.com,Male,34.249.115.199
490,Jeane,Heare,jhearedl@nature.com,Female,1.234.177.248
491,Dylan,Fraczkiewicz,dfraczkiewiczdm@samsung.com,Male,37.101.242.101
492,Teador,Mulliner,tmullinerdn@scientificamerican.com,Non-binary,136.165.222.237
493,Ross,Eymor,reymordo@time.com,Male,119.53.191.165
494,Cull,Marchenko,cmarchenkodp@deliciousdays.com,Male,128.105.121.68
495,Timotheus,Taks,ttaksdq@nationalgeographic.com,Male,192.252.234.75
496,Tirrell,Bright,tbrightdr@japanpost.jp,Male,201.53.154.141
497,Gray,Sciusscietto,gsciussciettods@umich.edu,Male,47.253.63.70
498,Kylie,Darth,kdarthdt@answers.com,Female,80.199.239.75
499,Bryant,Boydell,bboydelldu@histats.com,Male,250.86.190.1
500,Sollie,Kench,skenchdv@digg.com,Male,179.23.221.240
501,Ainslee,McNeice,amcneicedw@msu.edu,Female,7.207.175.23
502,Delilah,Segrott,dsegrottdx@devhub.com,Bigender,188.57.120.64
503,Orly,Jacob,ojacobdy@tripadvisor.com,Female,32.78.126.205
504,Gale,Crisp,gcrispdz@wunderground.com,Non-binary,156.69.184.235
505,Nadia,McCluney,nmccluneye0@google.it,Female,56.49.15.82
506,Saba,Holdforth,sholdforthe1@reference.com,Female,28.173.248.98
507,Bronnie,Ballham,bballhame2@businessinsider.com,Male,232.91.176.126
508,Mellicent,Shill,mshille3@behance.net,Female,127.251.202.156
509,Ogdon,MacMenamin,omacmenamine4@amazon.co.jp,Genderqueer,152.202.206.71
510,Baxy,Cerith,bcerithe5@cnn.com,Male,41.13.138.227
511,Star,Filde,sfildee6@java.com,Female,98.239.112.239
512,Torre,Engelmann,tengelmanne7@histats.com,Male,167.97.208.211
513,Aila,Cesco,acescoe8@yellowbook.com,Female,142.225.14.196
514,Cesya,Lakes,clakese9@sfgate.com,Female,179.172.215.87
515,Laney,Gaskin,lgaskinea@utexas.edu,Non-binary,227.114.4.157
516,Patti,O'Duilleain,poduilleaineb@photobucket.com,Female,163.224.70.130
517,Twila,Maghull,tmaghullec@ucla.edu,Female,182.73.45.110
518,Gisela,Pomeroy,gpomeroyed@vk.com,Female,25.122.53.214
519,Axel,Callaway,acallawayee@infoseek.co.jp,Non-binary,237.1.153.7
520,Mallorie,Maplethorp,mmaplethorpef@mashable.com,Female,4.36.111.175
521,Nelson,Newns,nnewnseg@fastcompany.com,Male,230.47.115.144
522,Christi,Lulham,clulhameh@mac.com,Female,161.82.63.226
523,Odell,Filov,ofilovei@goo.gl,Male,3.112.208.47
524,Albertine,Leppingwell,aleppingwellej@npr.org,Female,82.13.88.60
525,Shantee,Shovelin,sshovelinek@wsj.com,Female,20.58.158.132
526,Broderic,Skirlin,bskirlinel@ezinearticles.com,Male,198.200.84.141
527,Mahmud,Greenless,mgreenlessem@comsenz.com,Male,78.160.20.207
528,Crista,Darree,cdarreeen@barnesandnoble.com,Female,249.189.100.156
529,Rolando,de Clerq,rdeclerqeo@flavors.me,Male,140.204.104.233
530,Ravid,Dosdale,rdosdaleep@tiny.cc,Male,82.99.102.179
531,Marty,Assiratti,massirattieq@ycombinator.com,Female,193.4.253.16
532,Jacqueline,Pickerin,jpickeriner@unesco.org,Female,79.172.161.171
533,Bekki,Sivior,bsiviores@boston.com,Polygender,71.21.35.156
534,Geralda,Miner,gmineret@dailymail.co.uk,Female,148.169.252.47
535,Rip,Rowsell,rrowselleu@blinklist.com,Male,35.38.173.203
536,Madlin,Pynner,mpynnerev@angelfire.com,Female,91.58.249.155
537,Hewie,Klaff,hklaffew@time.com,Male,213.164.103.52
538,Ezra,Laneham,elanehamex@wisc.edu,Male,1.51.44.115
539,Marya,Montgomery,mmontgomeryey@ycombinator.com,Female,78.252.190.8
540,Horten,Littlemore,hlittlemoreez@woothemes.com,Male,204.238.197.8
541,Thia,Brahms,tbrahmsf0@amazonaws.com,Female,235.174.153.225
542,Gray,Antoniades,gantoniadesf1@imdb.com,Male,171.192.8.167
543,Nappie,Peepall,npeepallf2@marriott.com,Male,14.11.151.164
544,Karlotta,Osmund,kosmundf3@so-net.ne.jp,Female,117.218.13.168
545,Bailey,Spurgin,bspurginf4@cnn.com,Male,191.120.110.249
546,Jermayne,Ropars,jroparsf5@nytimes.com,Male,43.244.23.90
547,Thedrick,Mulrooney,tmulrooneyf6@unesco.org,Male,4.89.177.219
548,Sande,Grigolashvill,sgrigolashvillf7@amazon.de,Genderqueer,208.82.54.6
549,Sherlocke,Ruprecht,sruprechtf8@nytimes.com,Male,173.48.11.49
550,Lorena,Bernardelli,lbernardellif9@istockphoto.com,Female,59.181.161.58
551,Osborn,Fancutt,ofancuttfa@de.vu,Male,251.144.49.254
552,Riane,Agnew,ragnewfb@hostgator.com,Female,65.92.50.233
553,Ronica,McKeever,rmckeeverfc@shareasale.com,Non-binary,21.131.184.75
554,Norton,Halling,nhallingfd@51.la,Male,54.198.11.29
555,Costa,Nana,cnanafe@spotify.com,Agender,32.59.200.194
556,Noel,Maund,nmaundff@zdnet.com,Male,121.15.65.215
557,Kassie,Raden,kradenfg@4shared.com,Female,182.36.76.28
558,Manny,Briers,mbriersfh@mail.ru,Male,64.167.82.40
559,Sula,Mulryan,smulryanfi@sphinn.com,Female,148.80.154.230
560,Lisbeth,Dobbins,ldobbinsfj@github.com,Female,171.120.118.129
561,Carey,Nore,cnorefk@dot.gov,Male,2.207.182.77
562,Cathrine,Vorley,cvorleyfl@1688.com,Female,118.255.51.74
563,Kimble,Grzes,kgrzesfm@ow.ly,Male,112.130.101.86
564,Addy,Ert,aertfn@t.co,Polygender,15.202.126.108
565,Alika,O'Grada,aogradafo@howstuffworks.com,Female,200.174.128.115
566,Ferd,Dittson,fdittsonfp@miibeian.gov.cn,Male,51.23.48.20
567,Timmie,Van den Oord,tvandenoordfq@infoseek.co.jp,Female,144.232.149.79
568,Jaclin,Katzmann,jkatzmannfr@bloglovin.com,Female,247.92.91.20
569,Kip,Scargle,kscarglefs@t-online.de,Female,192.179.207.115
570,Friederike,Axston,faxstonft@narod.ru,Female,63.59.121.84
571,Morgen,Lucian,mlucianfu@kickstarter.com,Female,222.186.202.140
572,Van,Newton,vnewtonfv@goo.gl,Male,17.210.96.197
573,Rodrick,Coggan,rcogganfw@sina.com.cn,Male,66.59.201.56
574,Nollie,Beach,nbeachfx@mashable.com,Female,245.121.222.209
575,Kaitlynn,Conyer,kconyerfy@yellowbook.com,Female,236.10.39.106
576,Laney,Callard,lcallardfz@sitemeter.com,Male,103.233.13.3
577,Min,Dimblebee,mdimblebeeg0@mashable.com,Female,96.253.238.137
578,Marlin,O'Hogertie,mohogertieg1@scientificamerican.com,Male,170.33.36.45
579,Jard,Petru,jpetrug2@imageshack.us,Non-binary,69.238.177.68
580,Collete,Ludlom,cludlomg3@taobao.com,Female,89.18.0.229
581,Glory,Laxen,glaxeng4@nbcnews.com,Female,223.209.236.29
582,Barthel,Doughtery,bdoughteryg5@fda.gov,Male,207.141.242.229
583,Jennette,Shoreman,jshoremang6@hp.com,Female,141.161.4.16
584,Lorinda,Smye,lsmyeg7@blogger.com,Female,24.2.52.196
585,Robert,Durdy,rdurdyg8@nasa.gov,Non-binary,225.32.94.88
586,Mohammed,Owthwaite,mowthwaiteg9@weebly.com,Male,40.122.208.50
587,Sharl,Senett,ssenettga@odnoklassniki.ru,Female,42.98.173.108
588,Bibbye,Wallworth,bwallworthgb@hatena.ne.jp,Female,4.191.108.14
589,Teodor,Waterstone,twaterstonegc@gov.uk,Male,91.206.50.131
590,Far,Ancketill,fancketillgd@reuters.com,Male,81.163.38.185
591,Victor,Bernardes,vbernardesge@gravatar.com,Male,181.241.213.161
592,Elianore,Timbs,etimbsgf@wikispaces.com,Female,46.90.177.20
593,Durward,Viner,dvinergg@1und1.de,Male,200.207.134.241
594,Marcille,Yukhnov,myukhnovgh@cnbc.com,Female,178.192.214.190
595,Raffarty,Chaffin,rchaffingi@naver.com,Male,61.179.39.88
596,Flora,Hallex,fhallexgj@usatoday.com,Female,61.78.28.33
597,Beth,Daintrey,bdaintreygk@yandex.ru,Female,43.69.97.29
598,Margi,Ranaghan,mranaghangl@phoca.cz,Female,103.159.99.44
599,Huntington,Backshill,hbackshillgm@pagesperso-orange.fr,Male,59.45.243.124
600,Karia,Mellmoth,kmellmothgn@squidoo.com,Female,140.196.134.141
601,Debi,Collecott,dcollecottgo@techcrunch.com,Polygender,240.68.193.193
602,Sergei,Jelliman,sjellimangp@timesonline.co.uk,Male,11.74.13.147
603,Grantley,Licciardiello,glicciardiellogq@blinklist.com,Male,37.132.92.167
604,Meredith,Palmar,mpalmargr@baidu.com,Male,97.89.15.206
605,Gerda,Brogden,gbrogdengs@gizmodo.com,Female,77.147.4.156
606,Jimmie,Brien,jbriengt@fda.gov,Male,187.181.229.167
607,Tildie,Strauss,tstraussgu@sfgate.com,Female,80.254.35.179
608,Stanislaus,Denkin,sdenkingv@vistaprint.com,Agender,0.105.206.2
609,Cornie,Goodinson,cgoodinsongw@hp.com,Female,182.140.122.225
610,Clyve,Westberg,cwestberggx@usnews.com,Male,14.200.157.133
611,Liza,Christin,lchristingy@stumbleupon.com,Female,61.71.172.40
612,Reinaldo,Gotcher,rgotchergz@jimdo.com,Male,9.254.190.192
613,Saxe,Vye,svyeh0@google.com,Male,102.115.136.110
614,Ardelis,Stogill,astogillh1@behance.net,Bigender,137.246.74.58
615,Marjy,Base,mbaseh2@microsoft.com,Female,124.227.70.116
616,Helli,O'Lehane,holehaneh3@ifeng.com,Female,102.47.125.151
617,Allys,Edmeades,aedmeadesh4@vimeo.com,Female,167.95.247.44
618,Ollie,Loweth,olowethh5@domainmarket.com,Male,192.144.59.101
619,Dorelia,Harmond,dharmondh6@histats.com,Female,180.10.96.3
620,Luise,Chevis,lchevish7@nyu.edu,Female,140.180.39.194
621,Ray,Howood,rhowoodh8@istockphoto.com,Male,179.178.15.251
622,Heall,Rosendorf,hrosendorfh9@jigsy.com,Male,161.165.199.226
623,Cletis,Lasseter,classeterha@guardian.co.uk,Male,184.29.95.140
624,Gustie,Gaunter,ggaunterhb@dot.gov,Female,175.63.19.27
625,Christophorus,Catenot,ccatenothc@jalbum.net,Male,81.223.175.227
626,Helenelizabeth,Gravie,hgraviehd@squidoo.com,Female,191.139.179.97
627,Rochette,Winfred,rwinfredhe@jimdo.com,Genderfluid,21.74.226.97
628,Sheffie,Skedge,sskedgehf@com.com,Male,39.248.8.82
629,Ulrike,Cruickshank,ucruickshankhg@comcast.net,Female,20.169.14.165
630,Les,Coalbran,lcoalbranhh@homestead.com,Male,91.183.148.200
631,Ilse,Norvill,inorvillhi@oakley.com,Female,155.245.106.23
632,Gaby,Rozsa,grozsahj@e-recht24.de,Male,197.119.218.141
633,Kitti,Garey,kgareyhk@devhub.com,Female,26.18.4.54
634,Melli,Dick,mdickhl@europa.eu,Non-binary,16.66.76.17
635,Greg,Ormesher,gormesherhm@springer.com,Male,55.179.112.40
636,Smith,Dutnall,sdutnallhn@ebay.com,Male,11.63.254.38
637,Maryanna,Liebermann,mliebermannho@webeden.co.uk,Female,225.243.167.91
638,Pebrook,Berston,pberstonhp@unblog.fr,Male,190.83.77.151
639,Cyndi,Duggan,cdugganhq@oaic.gov.au,Female,227.88.168.58
640,Corbie,Paolotto,cpaolottohr@springer.com,Male,13.178.218.185
641,Agnola,MacTrustam,amactrustamhs@yale.edu,Female,68.18.220.7
642,Paco,Burford,pburfordht@shop-pro.jp,Male,43.143.90.243
643,Correna,Farenden,cfarendenhu@slideshare.net,Female,27.233.213.50
644,Del,Gyenes,dgyeneshv@edublogs.org,Male,114.194.217.211
645,Mia,Bridewell,mbridewellhw@prweb.com,Female,174.161.120.65
646,Demetrius,Hitzschke,dhitzschkehx@examiner.com,Male,58.9.73.217
647,Jammal,Zarfai,jzarfaihy@shop-pro.jp,Male,74.133.79.129
648,Brett,McGenn,bmcgennhz@ocn.ne.jp,Non-binary,252.196.74.105
649,Allyn,Godly,agodlyi0@boston.com,Male,57.226.145.99
650,Candra,Bus,cbusi1@foxnews.com,Female,82.241.20.145
651,Corrianne,Drewet,cdreweti2@bloomberg.com,Female,72.6.120.245
652,Mirabel,Hefford,mheffordi3@upenn.edu,Female,132.64.5.0
653,Ilse,Trencher,itrencheri4@gmpg.org,Female,32.20.49.233
654,Sadye,Hathwood,shathwoodi5@istockphoto.com,Female,230.190.141.69
655,Willyt,Crum,wcrumi6@netscape.com,Bigender,200.129.229.108
656,Bennett,Wragge,bwraggei7@netlog.com,Male,246.188.37.97
657,Cobbie,Sabater,csabateri8@wordpress.org,Genderfluid,255.128.59.29
658,June,Millwater,jmillwateri9@cbsnews.com,Female,205.139.88.237
659,Lela,Dobrovsky,ldobrovskyia@mapquest.com,Female,215.74.59.221
660,Hewe,Mould,hmouldib@epa.gov,Genderqueer,242.153.155.236
661,Bar,Kynoch,bkynochic@oakley.com,Male,214.114.68.41
662,Byrann,Velden,bveldenid@eepurl.com,Agender,93.62.46.122
663,Allissa,Cabena,acabenaie@accuweather.com,Non-binary,88.201.63.230
664,Tilda,Hallowell,thallowellif@gravatar.com,Female,169.165.10.216
665,Del,Andrioli,dandrioliig@sourceforge.net,Male,17.29.112.62
666,Cirillo,Menelaws,cmenelawsih@eventbrite.com,Male,249.223.33.192
667,Quinn,Lorent,qlorentii@creativecommons.org,Female,209.190.182.175
668,Reagen,Monksfield,rmonksfieldij@bloglines.com,Male,174.190.155.212
669,Darrin,Faragher,dfaragherik@1und1.de,Male,73.232.205.248
670,Mervin,Rogliero,mroglieroil@flickr.com,Male,146.12.5.32
671,Kass,Lukesch,klukeschim@who.int,Female,53.190.238.150
672,Doll,Lamke,dlamkein@soup.io,Female,85.90.155.150
673,Shaylynn,Bromage,sbromageio@altervista.org,Female,29.121.20.138
674,Alicea,Deaconson,adeaconsonip@nsw.gov.au,Female,224.2.28.176
675,Elnora,Stelfax,estelfaxiq@redcross.org,Female,173.104.24.100
676,Wyatt,Kiff,wkiffir@deviantart.com,Male,232.127.106.70
677,Heda,Cottis,hcottisis@etsy.com,Female,59.154.152.195
678,Leila,Pampling,lpamplingit@bigcartel.com,Female,234.249.166.223
679,Sol,Dibley,sdibleyiu@goo.ne.jp,Male,27.100.95.172
680,Burr,Lohden,blohdeniv@comcast.net,Male,11.13.130.158
681,Stanford,Davydzenko,sdavydzenkoiw@indiegogo.com,Male,195.19.12.28
682,Bryna,Iscowitz,biscowitzix@i2i.jp,Female,1.35.7.61
683,Stefano,Vasyaev,svasyaeviy@yellowbook.com,Male,161.160.157.48
684,Noe,Barthel,nbartheliz@infoseek.co.jp,Male,136.250.108.37
685,Vivienne,McCrory,vmccroryj0@ibm.com,Female,250.179.64.238
686,Ricard,Swinfon,rswinfonj1@hhs.gov,Male,156.95.213.238
687,Margo,MacTague,mmactaguej2@cafepress.com,Female,215.102.207.186
688,Boycie,Takle,btaklej3@nih.gov,Male,227.215.50.128
689,Bern,Imort,bimortj4@google.ru,Male,156.238.152.56
690,Maritsa,Dallewater,mdallewaterj5@gnu.org,Genderfluid,3.241.239.248
691,Benn,Pleming,bplemingj6@networksolutions.com,Male,96.35.110.178
692,Adam,Barenskie,abarenskiej7@amazon.de,Polygender,62.220.35.127
693,Elizabeth,Barbery,ebarberyj8@twitpic.com,Female,105.53.24.107
694,Dee,Hatzar,dhatzarj9@newsvine.com,Agender,104.244.208.232
695,Elvis,De La Salle,edelasalleja@sfgate.com,Male,240.148.30.150
696,Sandro,Hailwood,shailwoodjb@t-online.de,Male,101.64.230.12
697,Easter,Duiged,eduigedjc@drupal.org,Female,38.163.51.242
698,Jackquelin,Blanckley,jblanckleyjd@fc2.com,Female,154.245.71.4
699,Joell,Franzini,jfranzinije@is.gd,Female,35.100.218.49
700,Gregoor,Krimmer,gkrimmerjf@reuters.com,Male,127.163.115.169
701,Robbie,Bruck,rbruckjg@vkontakte.ru,Bigender,6.6.113.34
702,Russ,Game,rgamejh@blogs.com,Male,183.120.202.162
703,Ellery,Mingo,emingoji@drupal.org,Male,37.62.71.33
704,Ivette,Duplain,iduplainjj@apache.org,Female,22.133.215.188
705,Hussein,Degan,hdeganjk@squidoo.com,Male,130.176.195.214
706,Ryon,Thorns,rthornsjl@ebay.com,Male,83.235.159.80
707,Rock,Winkett,rwinkettjm@salon.com,Male,44.101.167.57
708,Netty,Codman,ncodmanjn@mtv.com,Female,193.19.218.171
709,Warner,Howey,whoweyjo@blog.com,Male,144.131.60.145
710,Carling,Baribal,cbaribaljp@furl.net,Male,171.96.59.35
711,Ulberto,Phant,uphantjq@illinois.edu,Male,14.8.61.93
712,Brandais,Slides,bslidesjr@domainmarket.com,Female,63.183.148.206
713,Reinaldo,McMenemy,rmcmenemyjs@miitbeian.gov.cn,Agender,54.184.97.61
714,Deva,Hammerberg,dhammerbergjt@booking.com,Female,28.57.0.163
715,Maddalena,Marques,mmarquesju@ifeng.com,Female,27.84.18.37
716,D'arcy,Chew,dchewjv@wikispaces.com,Male,239.60.148.80
717,Lyman,Frisby,lfrisbyjw@tmall.com,Male,26.153.162.192
718,Myra,Puttergill,mputtergilljx@japanpost.jp,Polygender,59.145.26.178
719,Millie,Wymer,mwymerjy@networkadvertising.org,Female,201.147.20.102
720,Farlee,Woollhead,fwoollheadjz@boston.com,Male,55.104.191.31
721,Roldan,Ivanenkov,rivanenkovk0@e-recht24.de,Male,202.194.154.91
722,Davy,McGonigal,dmcgonigalk1@newsvine.com,Male,75.228.12.3
723,Dorey,Korneev,dkorneevk2@sciencedirect.com,Male,195.48.153.81
724,Petronella,Wingatt,pwingattk3@photobucket.com,Female,217.62.228.121
725,Jacques,Hause,jhausek4@amazon.co.uk,Male,118.63.105.16
726,Porty,Madner,pmadnerk5@free.fr,Male,50.118.122.155
727,Bancroft,Spadazzi,bspadazzik6@yolasite.com,Male,120.246.83.99
728,Kiri,Seven,ksevenk7@godaddy.com,Genderqueer,12.35.225.139
729,Dionisio,Kinavan,dkinavank8@icio.us,Male,26.137.234.36
730,Hubey,Skace,hskacek9@archive.org,Male,95.74.213.171
731,Chelsea,Sirmon,csirmonka@aboutads.info,Female,123.133.84.46
732,Shari,Wellman,swellmankb@weibo.com,Female,125.15.59.8
733,Waite,Haime,whaimekc@altervista.org,Male,36.37.122.112
734,Toma,Pretorius,tpretoriuskd@nature.com,Bigender,201.85.197.250
735,Vikki,Olivello,volivelloke@wikia.com,Genderfluid,76.25.247.6
736,Frannie,Hollingdale,fhollingdalekf@naver.com,Male,161.139.158.109
737,Nalani,Freezor,nfreezorkg@seesaa.net,Female,183.43.188.29
738,Yancy,Haldon,yhaldonkh@auda.org.au,Non-binary,247.58.76.103
739,Abbey,Tavner,atavnerki@geocities.com,Male,26.210.47.174
740,Tobe,Halladay,thalladaykj@cam.ac.uk,Male,227.62.239.199
741,Dan,Cosh,dcoshkk@google.com.br,Male,168.152.227.80
742,Markos,Warlaw,mwarlawkl@aol.com,Male,226.224.185.71
743,Stanislaw,Papez,spapezkm@nifty.com,Male,184.123.176.160
744,Randolf,Fazackerley,rfazackerleykn@geocities.com,Male,151.112.106.240
745,Niccolo,Reinmar,nreinmarko@t-online.de,Male,145.82.240.204
746,Valentijn,Stapley,vstapleykp@slideshare.net,Agender,139.47.39.242
747,Porty,Kleinmintz,pkleinmintzkq@skyrock.com,Male,252.19.120.80
748,Fairlie,Flower,fflowerkr@wufoo.com,Male,107.6.83.147
749,Anna-diana,Fernley,afernleyks@house.gov,Female,91.32.69.164
750,Clarisse,Littlejohns,clittlejohnskt@squidoo.com,Female,153.35.187.172
751,Bernete,Borgne,bborgneku@gmpg.org,Female,202.224.226.56
752,Pegeen,Eveling,pevelingkv@disqus.com,Female,190.206.64.138
753,Prudence,Moyer,pmoyerkw@themeforest.net,Female,5.148.165.92
754,Shaine,Shottin,sshottinkx@nps.gov,Male,242.8.72.238
755,Wendel,Crannach,wcrannachky@digg.com,Male,13.49.128.29
756,Kipp,Lude,kludekz@zdnet.com,Female,98.131.188.135
757,Korie,Satcher,ksatcherl0@google.cn,Genderqueer,189.45.176.135
758,Barny,Amy,bamyl1@plala.or.jp,Male,86.218.91.19
759,Ira,Mounce,imouncel2@lulu.com,Agender,108.90.106.104
760,Flo,Ferrucci,fferruccil3@nasa.gov,Female,28.154.82.193
761,Panchito,Vasilyev,pvasilyevl4@businessinsider.com,Male,160.46.104.39
762,Nicolina,Wentworth,nwentworthl5@gov.uk,Female,227.101.206.159
763,Shelby,Rubertelli,srubertellil6@stanford.edu,Female,207.148.71.95
764,Lonnie,Krabbe,lkrabbel7@globo.com,Male,241.141.165.193
765,Ignazio,Kiggel,ikiggell8@netscape.com,Male,181.152.108.23
766,Sybyl,Tureville,sturevillel9@amazon.de,Female,177.220.72.154
767,Georges,Ranken,grankenla@themeforest.net,Male,208.103.47.49
768,Josepha,Lots,jlotslb@un.org,Bigender,194.127.224.132
769,Cleveland,Grouvel,cgrouvellc@ask.com,Male,235.92.247.191
770,Viviana,Caskie,vcaskield@ebay.co.uk,Female,226.48.90.69
771,Marilyn,Belin,mbelinle@whitehouse.gov,Female,74.236.140.29
772,Terrell,Murrell,tmurrelllf@miibeian.gov.cn,Genderfluid,108.78.240.191
773,Ricardo,Westwood,rwestwoodlg@reuters.com,Male,145.167.245.101
774,Reinold,Waylett,rwaylettlh@opensource.org,Male,221.135.92.32
775,Ruthi,McFadin,rmcfadinli@yahoo.com,Female,42.69.169.96
776,Modesty,McCuffie,mmccuffielj@cocolog-nifty.com,Female,132.60.56.249
777,Logan,Benka,lbenkalk@ftc.gov,Male,3.204.201.86
778,Kenna,Tison,ktisonll@howstuffworks.com,Agender,192.100.61.149
779,Opalina,Alexandre,oalexandrelm@amazonaws.com,Female,29.122.150.175
780,Di,Le Blanc,dleblancln@shareasale.com,Female,212.107.10.100
781,Zelma,McArdle,zmcardlelo@google.de,Female,55.169.67.18
782,Stanleigh,Folks,sfolkslp@cdbaby.com,Male,174.203.71.197
783,Willem,Dickerline,wdickerlinelq@archive.org,Male,174.186.51.76
784,Lotty,Daspar,ldasparlr@upenn.edu,Female,246.112.207.171
785,Julie,Giraudel,jgiraudells@sfgate.com,Genderqueer,192.225.160.220
786,Monti,Cloake,mcloakelt@ifeng.com,Male,20.58.54.33
787,Leonore,Dufore,lduforelu@xing.com,Female,19.1.158.91
788,Millie,Greaves,mgreaveslv@technorati.com,Female,223.166.116.6
789,Neddie,Doble,ndoblelw@cbslocal.com,Male,212.80.165.254
790,Oralle,Onions,oonionslx@deviantart.com,Agender,12.180.220.56
791,Tomi,Darbey,tdarbeyly@paginegialle.it,Genderqueer,244.28.85.86
792,Legra,Timms,ltimmslz@sohu.com,Female,82.65.50.153
793,Blake,Caulcott,bcaulcottm0@last.fm,Male,195.202.105.110
794,Bridget,Pilmore,bpilmorem1@i2i.jp,Female,17.4.244.72
795,Lane,Grinstead,lgrinsteadm2@amazon.co.jp,Genderfluid,178.66.210.200
796,Lavena,Sherme,lshermem3@fema.gov,Female,52.21.175.40
797,Kimmie,Lavender,klavenderm4@liveinternet.ru,Female,131.121.27.124
798,Haywood,Ashforth,hashforthm5@ameblo.jp,Male,42.67.39.193
799,Ivory,MacDonagh,imacdonaghm6@wufoo.com,Female,117.4.9.46
800,Harmonie,Rohan,hrohanm7@columbia.edu,Female,54.18.226.18
801,Grenville,Daveren,gdaverenm8@adobe.com,Male,31.149.26.66
802,Berna,Kenzie,bkenziem9@myspace.com,Female,65.59.1.110
803,Welby,Limon,wlimonma@cdbaby.com,Male,202.149.90.107
804,Hy,Vere,hveremb@histats.com,Male,115.161.195.56
805,Gloriana,Yetman,gyetmanmc@tripod.com,Female,82.134.6.193
806,Grant,Portt,gporttmd@twitter.com,Male,71.10.2.80
807,Giulia,Pichan,gpichanme@ameblo.jp,Female,20.13.64.23
808,Ilaire,Athey,iatheymf@cornell.edu,Male,252.111.197.41
809,Jeramey,O'Scandall,joscandallmg@php.net,Male,204.243.39.40
810,Lenci,Deval,ldevalmh@flavors.me,Male,60.61.128.44
811,Leontine,Leechman,lleechmanmi@army.mil,Female,154.78.127.183
812,Paul,Denslow,pdenslowmj@stanford.edu,Male,83.251.222.42
813,Delora,Wharby,dwharbymk@archive.org,Female,248.208.201.138
814,Marve,Saffill,msaffillml@china.com.cn,Male,197.169.31.104
815,Ree,Cowser,rcowsermm@kickstarter.com,Agender,126.59.44.223
816,Warden,Edinborough,wedinboroughmn@mozilla.org,Male,194.28.183.228
817,Noemi,Nutbrown,nnutbrownmo@pagesperso-orange.fr,Female,178.27.60.95
818,Jolee,Grisley,jgrisleymp@people.com.cn,Female,50.7.250.130
819,Trip,Dax,tdaxmq@spiegel.de,Male,112.219.91.2
820,Malorie,Dahle,mdahlemr@usa.gov,Female,169.74.191.53
821,Alvin,Nias,aniasms@furl.net,Male,39.252.51.56
822,Den,Tarzey,dtarzeymt@godaddy.com,Male,59.229.0.106
823,Benoite,Winfield,bwinfieldmu@dmoz.org,Female,241.92.235.189
824,Merci,Baxstair,mbaxstairmv@ustream.tv,Female,131.220.2.219
825,Wilden,Swaffield,wswaffieldmw@spiegel.de,Male,99.172.62.73
826,Bertrand,Culcheth,bculchethmx@vimeo.com,Genderfluid,146.5.203.172
827,Freedman,Hinchon,fhinchonmy@t-online.de,Male,35.132.142.4
828,Gaylor,Joysey,gjoyseymz@ifeng.com,Male,10.205.142.58
829,Amelita,Cashin,acashinn0@mail.ru,Female,116.229.158.114
830,Susannah,Sears,ssearsn1@intel.com,Female,78.246.81.108
831,Legra,Cantrell,lcantrelln2@hostgator.com,Female,9.220.93.35
832,Alberik,Sousa,asousan3@theguardian.com,Male,172.150.180.99
833,Jacquette,Ivanilov,jivanilovn4@usda.gov,Female,22.169.195.157
834,Dion,Wanley,dwanleyn5@craigslist.org,Female,21.193.50.132
835,Britt,Chiddy,bchiddyn6@blogs.com,Male,241.71.219.144
836,Matthias,Gobel,mgobeln7@ibm.com,Male,23.9.105.144
837,Collin,Kerss,ckerssn8@ezinearticles.com,Male,186.40.115.1
838,Carolan,Dresche,cdreschen9@blogger.com,Female,174.148.138.222
839,Addy,Metzig,ametzigna@cocolog-nifty.com,Male,91.248.46.138
840,Ettore,Silliman,esillimannb@privacy.gov.au,Male,12.214.23.81
841,Mahmoud,Gebby,mgebbync@mediafire.com,Male,25.65.24.103
842,Basilius,Fursse,bfurssend@mapy.cz,Male,236.187.182.167
843,Lisabeth,Benneton,lbennetonne@cyberchimps.com,Female,247.28.10.192
844,Tatiania,Vasyuchov,tvasyuchovnf@cocolog-nifty.com,Female,235.139.143.133
845,Nickola,Lowes,nlowesng@java.com,Male,60.17.210.193
846,Leopold,Marfe,lmarfenh@tmall.com,Male,168.13.121.43
847,Maribeth,Ravilious,mraviliousni@issuu.com,Female,167.118.210.124
848,Dacey,Filyukov,dfilyukovnj@xinhuanet.com,Female,128.71.40.109
849,Hugues,Truelove,htruelovenk@ft.com,Male,27.75.237.16
850,Myrwyn,Dundendale,mdundendalenl@cocolog-nifty.com,Male,78.240.183.15
851,Gregorio,Harome,gharomenm@parallels.com,Polygender,62.133.222.80
852,Aymer,Ghidoli,aghidolinn@hexun.com,Male,118.159.172.84
853,Ivar,Ewenson,iewensonno@upenn.edu,Male,143.243.141.71
854,Aimil,Stiven,astivennp@biglobe.ne.jp,Female,164.233.23.156
855,Camey,McKerrow,cmckerrownq@narod.ru,Male,65.100.106.217
856,Wilden,Fayer,wfayernr@yolasite.com,Male,101.27.17.87
857,Isadora,Bolwell,ibolwellns@examiner.com,Female,86.46.19.63
858,Sharline,Pinsent,spinsentnt@geocities.com,Non-binary,56.252.184.205
859,Barbi,Adamini,badamininu@columbia.edu,Female,91.17.142.48
860,Darcy,Huggons,dhuggonsnv@house.gov,Male,129.231.210.236
861,Reina,Kaasmann,rkaasmannnw@stanford.edu,Genderfluid,235.100.36.22
862,Bourke,Shills,bshillsnx@xinhuanet.com,Male,18.32.188.153
863,Dunn,Girone,dgironeny@boston.com,Male,100.146.138.252
864,Joyous,Hamel,jhamelnz@prlog.org,Female,24.165.147.178
865,Bruis,Cabral,bcabralo0@hud.gov,Male,232.30.145.144
866,Modestia,Tumini,mtuminio1@buzzfeed.com,Female,105.109.101.82
867,Yulma,Laurie,ylaurieo2@time.com,Male,105.78.60.14
868,Randell,Giannazzi,rgiannazzio3@istockphoto.com,Male,86.147.249.92
869,Betsy,Longland,blonglando4@ed.gov,Female,92.169.23.254
870,Rudiger,Seeman,rseemano5@google.es,Male,236.54.55.20
871,Burgess,Hiley,bhileyo6@t.co,Male,117.98.180.70
872,Sandi,Kerkham,skerkhamo7@eepurl.com,Female,251.60.202.141
873,Bernard,Fessier,bfessiero8@intel.com,Male,126.150.118.118
874,Daisey,Balwin,dbalwino9@sciencedaily.com,Female,154.184.65.126
875,Aurora,Wyse,awyseoa@mysql.com,Female,141.115.136.187
876,Rabbi,Fawlks,rfawlksob@flickr.com,Male,93.86.122.187
877,Benetta,Scutter,bscutteroc@census.gov,Female,14.32.84.32
878,Codi,Cordle,ccordleod@home.pl,Male,57.208.166.175
879,Latashia,Abelevitz,labelevitzoe@photobucket.com,Female,86.139.168.137
880,Trevar,Rennock,trennockof@nationalgeographic.com,Male,250.62.203.233
881,Alasdair,Walkling,awalklingog@goo.gl,Male,62.45.245.135
882,Korie,Weedall,kweedalloh@woothemes.com,Female,222.189.196.208
883,Artus,Branca,abrancaoi@taobao.com,Male,67.153.147.210
884,Mechelle,Planks,mplanksoj@jiathis.com,Female,10.171.162.117
885,Sheree,Osichev,sosichevok@bloomberg.com,Female,62.1.17.230
886,Gearard,Townby,gtownbyol@youku.com,Male,84.160.131.110
887,Merl,Woloschinski,mwoloschinskiom@google.ru,Female,12.209.9.141
888,Rodie,Hinkley,rhinkleyon@geocities.com,Female,110.221.125.171
889,Paten,Van Vuuren,pvanvuurenoo@biblegateway.com,Male,135.210.98.116
890,Helsa,Gellan,hgellanop@imageshack.us,Female,39.166.254.52
891,Eleanora,Smithend,esmithendoq@senate.gov,Female,171.53.1.72
892,Link,Schruyer,lschruyeror@ibm.com,Male,3.215.160.143
893,Wittie,Carhart,wcarhartos@spiegel.de,Male,254.72.52.244
894,Vikky,Kermon,vkermonot@google.cn,Female,143.38.213.131
895,Sidonnie,Simukov,ssimukovou@weather.com,Female,120.228.123.199
896,Lorraine,Hudd,lhuddov@wsj.com,Female,220.195.118.225
897,Terence,Fink,tfinkow@rambler.ru,Male,190.204.255.170
898,Corrie,Mehmet,cmehmetox@economist.com,Male,167.15.229.200
899,Ertha,Maudling,emaudlingoy@lulu.com,Female,53.165.21.171
900,Orion,Serridge,oserridgeoz@usnews.com,Male,34.165.30.115
901,Horace,Venny,hvennyp0@opensource.org,Male,149.68.185.46
902,Tarah,Butchers,tbutchersp1@hostgator.com,Female,58.102.28.142
903,Dix,Dallinder,ddallinderp2@wp.com,Female,232.98.118.190
904,Lorelle,Roubert,lroubertp3@tumblr.com,Female,63.17.139.15
905,Bessy,Toby,btobyp4@mapy.cz,Female,92.103.202.109
906,Tamera,Housby,thousbyp5@ameblo.jp,Female,40.72.182.42
907,Sherm,Skeen,sskeenp6@artisteer.com,Male,171.230.155.54
908,Kori,Mintram,kmintramp7@stanford.edu,Female,175.224.52.251
909,Vonny,Gilhouley,vgilhouleyp8@hhs.gov,Female,195.40.105.205
910,Evan,Cutress,ecutressp9@irs.gov,Male,67.167.2.17
911,Falkner,Maccaddie,fmaccaddiepa@g.co,Male,228.47.147.255
912,Kellby,Franciskiewicz,kfranciskiewiczpb@netlog.com,Male,51.209.217.128
913,Damon,O'Currane,docurranepc@noaa.gov,Male,231.194.25.36
914,Thaine,Karchowski,tkarchowskipd@google.cn,Male,232.188.54.148
915,Lacey,Bartoszek,lbartoszekpe@umn.edu,Female,55.37.240.7
916,Gerik,Maunsell,gmaunsellpf@shutterfly.com,Genderfluid,177.139.252.203
917,Paco,Brewins,pbrewinspg@yellowbook.com,Male,17.203.185.246
918,Marla,Kiley,mkileyph@icio.us,Female,17.141.182.76
919,Fay,Gaffon,fgaffonpi@springer.com,Female,42.75.31.27
920,Ricca,Paynton,rpayntonpj@businessweek.com,Female,176.174.240.103
921,Ashil,Ashington,aashingtonpk@feedburner.com,Female,71.31.84.250
922,Darlene,Goodenough,dgoodenoughpl@artisteer.com,Female,111.44.239.198
923,Killie,Tewkesberry,ktewkesberrypm@washington.edu,Male,74.123.111.203
924,Robbyn,Van Castele,rvancastelepn@state.gov,Female,164.88.195.119
925,Dulcinea,Fibbings,dfibbingspo@topsy.com,Female,155.225.125.119
926,Gaultiero,Birmingham,gbirminghampp@yandex.ru,Agender,238.79.251.9
927,Tam,Meates,tmeatespq@linkedin.com,Male,162.142.15.210
928,Zaneta,Suatt,zsuattpr@gnu.org,Female,49.32.29.98
929,Paula,Thresher,pthresherps@blogs.com,Female,191.182.142.1
930,Dionis,Thibodeaux,dthibodeauxpt@discuz.net,Female,105.5.159.207
931,Dirk,Dunkerly,ddunkerlypu@soundcloud.com,Male,212.4.105.219
932,Jerald,Dowderswell,jdowderswellpv@imdb.com,Male,33.225.21.176
933,Jany,Dawley,jdawleypw@theglobeandmail.com,Female,73.84.227.155
934,Elijah,Bruce,ebrucepx@networkadvertising.org,Male,146.117.84.149
935,Stillmann,Andryunin,sandryuninpy@hp.com,Male,104.36.74.22
936,Wrennie,Cadding,wcaddingpz@chicagotribune.com,Female,105.223.32.31
937,Noach,Pahler,npahlerq0@theglobeandmail.com,Male,172.83.253.245
938,Hagan,Elgood,helgoodq1@opensource.org,Male,120.170.142.2
939,Gwenette,Jeacop,gjeacopq2@shareasale.com,Female,47.201.17.109
940,Yule,Ends,yendsq3@abc.net.au,Male,242.78.134.237
941,Budd,Conlon,bconlonq4@furl.net,Male,117.23.211.3
942,Walt,Swainsbury,wswainsburyq5@seesaa.net,Male,88.127.122.138
943,Drucill,Riden,dridenq6@sfgate.com,Female,0.112.8.44
944,Elysia,Dorr,edorrq7@behance.net,Female,116.215.57.211
945,Shelba,Rishworth,srishworthq8@google.fr,Female,47.227.221.43
946,Elsy,Dowsey,edowseyq9@admin.ch,Female,67.27.9.174
947,Alicia,Cowen,acowenqa@yolasite.com,Female,184.191.100.71
948,Bernhard,Kliement,bkliementqb@yahoo.co.jp,Male,66.179.197.213
949,Melamie,Weatherhead,mweatherheadqc@e-recht24.de,Agender,37.237.103.161
950,Ingrid,Siemons,isiemonsqd@istockphoto.com,Female,78.212.21.70
951,Evvy,Launder,elaunderqe@redcross.org,Female,69.168.68.110
952,Roxie,Sandbatch,rsandbatchqf@icq.com,Female,160.119.167.249
953,Isadore,Parlour,iparlourqg@virginia.edu,Male,195.235.47.91
954,Rosella,Hugonneau,rhugonneauqh@over-blog.com,Genderqueer,126.123.174.68
955,Anett,Shenton,ashentonqi@pen.io,Genderqueer,119.222.63.209
956,Tammi,Limer,tlimerqj@forbes.com,Female,55.98.218.22
957,Leah,Kempston,lkempstonqk@sbwire.com,Female,129.104.200.182
958,Felike,Baume,fbaumeql@boston.com,Male,46.167.14.204
959,Suki,Ramsey,sramseyqm@is.gd,Non-binary,134.148.175.73
960,Roddie,Enga,rengaqn@toplist.cz,Male,47.106.185.179
961,Man,De Lasci,mdelasciqo@macromedia.com,Male,188.250.45.153
962,Etti,Wastall,ewastallqp@wsj.com,Female,227.150.180.233
963,Clark,Salvador,csalvadorqq@multiply.com,Male,196.174.163.23
964,Cecilla,Tilley,ctilleyqr@simplemachines.org,Female,22.143.126.236
965,Shirlee,Ondracek,sondracekqs@stumbleupon.com,Female,87.202.106.172
966,Martin,Brammall,mbrammallqt@nyu.edu,Male,230.152.177.30
967,Carolyne,Terron,cterronqu@yelp.com,Female,47.83.143.91
968,Susannah,Mowat,smowatqv@wiley.com,Female,231.223.231.151
969,Nat,Toby,ntobyqw@cbsnews.com,Male,252.83.64.24
970,Kay,Valerio,kvalerioqx@china.com.cn,Genderfluid,173.229.156.61
971,Egor,McKeand,emckeandqy@webeden.co.uk,Male,61.84.189.195
972,Deloria,Bandy,dbandyqz@oaic.gov.au,Female,33.209.213.165
973,Rufus,Lakenden,rlakendenr0@weebly.com,Male,121.204.143.174
974,Frants,Moakes,fmoakesr1@google.com,Male,57.3.136.132
975,Raff,Kubat,rkubatr2@state.gov,Male,183.27.57.105
976,Essa,Breazeall,ebreazeallr3@walmart.com,Female,215.158.127.149
977,Brunhilda,Grund,bgrundr4@google.com.br,Female,98.136.157.87
978,Patty,Melsome,pmelsomer5@icio.us,Male,225.26.9.246
979,April,Wayper,awayperr6@si.edu,Female,1.129.217.243
980,Vevay,Ravens,vravensr7@telegraph.co.uk,Female,219.106.48.246
981,Danila,Spohrmann,dspohrmannr8@behance.net,Female,39.104.23.63
982,Lyndell,Swanston,lswanstonr9@umn.edu,Female,169.59.6.168
983,Gabriell,Oguz,goguzra@twitpic.com,Female,121.105.82.176
984,Cooper,Gonthard,cgonthardrb@netvibes.com,Male,155.120.63.95
985,Donny,Jodrellec,djodrellecrc@canalblog.com,Male,236.190.114.179
986,Zacharie,Dallosso,zdallossord@boston.com,Male,213.144.107.84
987,Jermaine,Allnatt,jallnattre@jalbum.net,Male,10.190.130.164
988,Gilles,Sevior,gseviorrf@trellian.com,Male,154.56.233.16
989,Georgina,Counter,gcounterrg@marketwatch.com,Female,243.40.40.186
990,Ardyth,Dellar,adellarrh@exblog.jp,Female,206.17.129.99
991,Dorree,Spiers,dspiersri@google.co.jp,Female,165.224.147.190
992,Sheryl,Yeardley,syeardleyrj@opensource.org,Female,218.233.139.90
993,Job,Docket,jdocketrk@macromedia.com,Male,243.40.86.20
994,Horton,Sailer,hsailerrl@bloglines.com,Male,209.255.55.172
995,Petr,Kembry,pkembryrm@nbcnews.com,Male,77.2.184.15
996,Roze,McKellar,rmckellarrn@loc.gov,Female,39.5.121.136
997,Tony,Mc Harg,tmchargro@japanpost.jp,Female,175.238.181.173
998,Tate,Snowding,tsnowdingrp@vinaora.com,Male,247.4.96.81
999,Lawrence,Goodyer,lgoodyerrq@sciencedirect.com,Male,252.252.248.16
1000,Bil,Harmar,bharmarrr@senate.gov,Male,159.109.155.159
